[{"id":12,"nome":"King Kong","src":"https://icon-library.com/images/image-placeholder-icon/image-placeholder-icon-5.jpg"},{"id":45,"nome":"O Pequeno Príncipe","src":"https://icon-library.com/images/image-placeholder-icon/image-placeholder-icon-5.jpg"},{"id":90,"nome":"O Senhor dos Anéis - A Sociedade do Anel","src":"https://icon-library.com/images/image-placeholder-icon/image-placeholder-icon-5.jpg"},{"id":112,"nome":"A Guerra dos Tronos","src":"https://icon-library.com/images/image-placeholder-icon/image-placeholder-icon-5.jpg"},{"id":162,"nome":"Jogos Vorazes - A Batalha Por Gondor","src":"https://icon-library.com/images/image-placeholder-icon/image-placeholder-icon-5.jpg"}]